Topic,TopWords
Topic 0,parameter type wait description modifier notifyall finalize
Topic 1,value use all you one next absent throughput versus off
Topic 2,map with create new give object density equality compare mapping
Topic 3,map entry long reduceentry bulk set entryset any association measure
Topic 4,key public remove object getordefault replace boolean
Topic 5,super bifunction extend reducer parallelismthreshold long reducekey reducevalue searchfunction reduce
Topic 6,computeifabsent concurrenthashmap use require reducevaluestolong new count initialize scalable much
Topic 7,give value all return reducer transformation accumulate result combine use
Topic 8,return mapping mappingfunction unestablished leave during modify either type
Topic 9,object value boolean containsvalue public contain solely isempty
Topic 10,any argument property also means maintain now compose primitive filter
Topic 11,each concurrency support skip rely render link navigation detail locking
Topic 12,mappingcount frame search index
Topic 13,basis reduction value identity for default initial atomic sum reliable
Topic 14,value function compute remappingfunction mappingfunction collection
Topic 15,should there reduction not max serve reduce can more this
Topic 16,element capacity initial negative illegalargumentexception factor load nonpositive concurrencylevel specify
Topic 17,for class this but use that hashtable hash version however
Topic 18,spliterator view concurrent report consistent weakly nonnull iterator distinct put
Topic 19,specify nothing yourself reducekeystolong enable
Topic 20,action except that atomically perform reduceentry consumer
Topic 21,update otherwise complete that recursive detectably illegalstateexception attempt would never
Topic 22,void foreach parallelismthreshold super action long public biconsumer clear
Topic 23,map only entry for currently value key this equivalent replace
Topic 24,parameter deprecate putifabsent tolongfunction
Topic 25,override computeifpresent
Topic 26,accumulate all transformation result give value key entry pair
Topic 27,parallel operation for execute need this parallelismthreshold element number estimate
Topic 28,result null search return element non other suppress function upon
Topic 29,not operation update value with other key computation any should
Topic 30,this estimate execute parallelismthreshold element number for need parallel operation
Topic 31,remove operation iterator reflect corresponding support from via removal clear
Topic 32,throw summary detail constructor field
Topic 33,value order follow particular parallel associated sign character separate adjacent
Topic 34,class abstractmap java nest inherit util clear containskey hashcode simpleimmutableentry
Topic 35,initial table number size loadfactor empty concurrencylevel element initialcapacity base
Topic 36,transformer super extend function todoublefunction tointbifunction mappingfunction keyset
Topic 37,also see searchvalue replace whose occur could handle application encounter
Topic 38,method some into testing legacy argument then sequentially identical support
Topic 39,interface map concurrentmap putifabsent getordefault merge get hashcode size
Topic 40,set map return key mapping view put this contain newvalue
Topic 41,parameter since reduceentriestolong package recompute exist
Topic 42,accommodate element specify many implementation sizing internal initialcapacity this perform
Topic 43,object concurrenthashmap lang different way accept containskey full ideally depend
Topic 44,each action perform give for transformation null non key entry
Topic 45,specify value key null associate with nullpointerexception new which none
Topic 46,super consumer action void foreachkey transformer foreachentry foreachvalue
Topic 47,doublebinaryoperator reducer computeifpresent reducekeystodouble
Topic 48,parameter return compound extend
Topic 49,key value specify associate with which already not possible may
Topic 50,may when float find supply note hint optionally loadfactor optional
Topic 51,all method remove from its iterator store methodsconcrete methodsinstance methodsstatic
Topic 52,concurrenthashmap public int keysetview newkeyset keyset initialcapacity static boolean class
Topic 53,entryset constr computeifabsent
Topic 54,operation this for size estimate execute need parallelismthreshold parallel element
Topic 55,return value this map mapping key true contain equal number
Topic 56,function combine commutative associative reducer variant
Topic 57,return element transformer transformation function for
Topic 58,value key with associate specify there replace previous oldvalue newvalue
Topic 59,method value argument from for key plain summary transiently keyset
Topic 60,since notify getclass
Topic 61,extend map putall public void replaceall interface specify
Topic 62,method thread enumeration may table program retrieval call interoperable fully
Topic 63,use value return basis all only same reduceentry nothing identity
Topic 64,key object equal map get containskey specified boolean public test
Topic 65,key value map mapping this specify for return contain which
Topic 66,string longadder can for tostring simpleentry freq example form reducevaluestoint
Topic 67,return null else function success searchfunction non result
Topic 68,function extend parallelismthreshold searchfunction super long searchentry searchkey
Topic 69,null function search none apply each from result non give
Topic 70,transformation which case return element null there transformer function for
Topic 71,action specify perform iteration hashcode unless map put give
Topic 72,may computation than that parallelism sequential actual form busy lead
Topic 73,value map for key hashcode this hash code each pair
Topic 74,long parallelismthreshold public reducer transformer super longbinaryoperator basis tolongfunction reducetolong
Topic 75,since acceptable implicit necessarily use
Topic 76,super transformer reducer bifunction extend todoublebifunction tointfunction throw
Topic 77,give value return result accumulate combine reducer all use none
Topic 78,super bifunction extend remappingfunction merge key computeifpresent transformer compute
Topic 79,throw exception entry function have process each until all that
Topic 80,interface concurrentmap from replace copy description replaceall serializable implement computeifpresent
Topic 81,table constructor density for factor load establish help space size
Topic 82,int long intbinaryoperator reducer basis parallelismthreshold tointfunction transformer reducetoint reducekeystoint
Topic 83,this map key value specify true table one compact more
Topic 84,give value accumulate all return result use combine identity basis
Topic 85,collection map view this set addition addall any add for
Topic 86,default identity basis reduction initial value for
Topic 87,return tostr false reduceentriestoint
Topic 88,parameter foreach override element slowly variant view
Topic 89,not that more return such formally one relation most when
Topic 90,return type enumeration this table else transformer search key present
Topic 91,they case provide mapping operation time average rule specialization undergo
Topic 92,map this method may short invocation thread true result specify
Topic 93,set new boolean type from concurrenthashmap true back create give
Topic 94,double basis doublebinaryoperator reducevaluestodouble todoublefunction reducekeystodouble reduceentriestodouble reducetodouble scalar
Topic 95,specify null key nullpointerexception remappingfunction mappedvalue neither standard can
Topic 96,mapping compute attempt map current its null representation string for
Topic 97,java concurrent oldvalue framework collection util normally subtask maximal introduction
Topic 98,parallelismthreshold public long void foreachentry foreachvalue double reduceentriestodouble foreachkey reducetodouble
Topic 99,include retrieval isempty aggregate bear presence tree perhaps monitor creation
